Bahamas ,,,,,
Travel guide info for Bahamas,,,,,
Bahamas,Andros Town,Andros Town ,,,
Travel guide info for Andros Town,BS,204,ASD,,
Bahamas,Arthur's Town Airport,Arthurs Town ,,,
Travel guide info for Arthurs Town,BS,204,ATC,,
Bahamas,Spring Point,Spring Point,BS,204,AXP
Bahamas,Chub Cay Intl Airport,Chub Cay,BS,204,CCZ
Bahamas,Crooked Island,Crooked Island,BS,204,CRI
Bahamas,North Eleuthera Intl,North Eleuthera,BS,204,ELH
Bahamas,Freeport Intl,Freeport ,,,
Travel guide info for Freeport,BS,204,FPO,,
Bahamas,Exuma Int,George Town ,,,
Travel guide info for George Town,BS,204,GGT,,
Bahamas,Governors Harbour,Governors Harbour ,,,
Travel guide info for Governors Harbour,BS,204,GHB,,
Bahamas,Inagua,Inagua,BS,204,IGA
Bahamas,Deadmans Cay,Deadmans Cay,BS,204,LGI
Bahamas,Marsh Harbour Intl,Marsh Harbour,BS,204,MHH
Bahamas,Mayaguana,Mayaguana,BS,204,MYG
Bahamas,Nassau Intl,Nassau ,,,
Travel guide info for Nassau,BS,204,NAS,,
Bahamas,Rock Sound Intl Airport,Rock Sound,BS,204,RSD
Bahamas,San Andros Airport,San Andros,BS,204,SAQ
Bahamas,Stella Maris Airport,Stella Maris,BS,204,SML
Bahamas,The Bight Airport,The Bight,BS,204,TBI
Bahamas,Treasure Cay Airport,Treasure Cay,BS,204,TCB
Bahamas,South Andros Airport,South Andros,BS,204,TZN
Bahrain ,,,,,
Travel guide info for Bahrain Hotel guide info for Bahrain,,,,,
Bahrain,Bahrain Intl,Bahrain ,,,
Travel guide info for Bahrain,BH,605,BAH,,
Bangladesh ,,,,,
Travel guide info for Bangladesh Hotel guide info for Bangladesh,,,,,
Bangladesh,Barisal Airport,Barisal,BD,703,BZL
Bangladesh,Patenga,Chittagong,BD,703,CGP
Bangladesh,Cox's Bazar Airport,Cox's Bazar,BD,703,CXB
Bangladesh,Zia Intl,Dhaka ,,,
Travel guide info for Dhaka,BD/,703,DAC,,
Bangladesh,Jessore Airport,Jessore,BD,703,JSR
Bangladesh,Khulna Airport,Khulna,BD,703,KHL
Bangladesh,Saidpur Airport,Saidpur,BD,703,SPD
Bangladesh,Sylhet Airport,Sylhet,BD,703,ZYL
Barbados,,,,,
Barbados,Grantley Adams,Bridgetown ,,,
Travel guide info for Bridgetown,BB,246,BGI,,
Belarus ,,,,,
Travel guide info for Belarus,,,,,
Belarus,Brest Airport,Brest,BY,413,BQT
Belarus,Gomel Airport,Gomel,BY,413,GME
Belarus,Grodna Airport,Grodna,BY,413,GNA
Belarus,Minsk Intl Airport,Minsk ,,,
Travel guide info for Minsk,BY,413,MHP,,
Belarus,Minsk 2 Intl,Minsk ,,,
Travel guide info for Minsk,BY,413,MSQ,,
Belgium ,,,,,
Travel guide info for Belgium,,,,,
Belgium,Antwerp/Deurne Airport,Antwerp ,,,
Travel guide info for Antwerp,BE,409,ANR,,
Belgium,Brussels Intl,Brussels ,,,
Travel guide info for Brussels,BE,409,BRU,,
Belgium,Brussels South Charleroi Airport,Brussels ,,,
Travel guide info for Brussels,BE,409,CRL,,
Belgium,Bierset Airport,Liege,BE,409,LGG
Belgium,Ostend-Bruges Intl Airport,Ostend,BE,409,OST
Belize ,,,,,
Travel guide info for Belize,,,,,
Belize,Philip S.W.Goldson,Belize City,BZ,106,BZE
Belize,Caye Caulker Airport,Caye Caulker,BZ,106,CUK
Belize,Corozal Airport,Corozal,BZ,106,CZH
Belize,Dangriga Airport,Dangriga,BZ,106,DGA
Belize,Placencia Airport,Placencia,BZ,106,PLJ
Belize,Punta Gorda Airport,Punta Gorda,BZ,106,PND
Belize,San Pedro Airport,San Pedro ,,,
Travel guide info for San Pedro,BZ,106,SPR,,
Belize,San Pedro Airport,San Pedro ,,,
Travel guide info for San Pedro,BZ,106,SPR,,
Belize,Belize City Municipal Airport,Belize City,BZ,106,TZA
Benin,,,,,
Benin,Cotonou,Cotonou,BJ,519,COO
Bermuda,,,,,
Bermuda,Bermuda Intl,Bermuda,BM,207,BDA
Bhutan ,,,,,
Travel guide info for Bhutan Hotel guide info for Bhutan,,,,,
Bhutan,Paro,Paro ,,,
Travel guide info for Paro,BT,975,PBH,,
Bolivia ,,,,,
Travel guide info for Bolivia,,,,,
Bolivia,Yacuiba Airport,Yacuiba,BO,312,BYC
Bolivia,J Wilsterman,Cochabamba ,,,
Travel guide info for Cochabamba,BO,312,CBB,,
Bolivia,Cobija Airport,Cobija,BO,312,CIJ
Bolivia,Guayaramerin Airport,Guayaramerin,BO,312,GYA
Bolivia,El Alto,La Paz,BO,312,LPB
Bolivia,Puerto Suarez,Puerto Suarez,BO,312,PSZ
Bolivia,Rurrenabaque Airport,Rurrenabaque,BO,312,RBQ
Bolivia,Gen Buech,Riberalta,BO,312,RIB
Bolivia,Santa Ana Airport,Santa Ana del Yacuma,BO,312,SBL
Bolivia,Sucre Airport,Sucre ,,,
Travel guide info for Sucre,BO,312,SRE,,
Bolivia,San Borja Airport,San Borja,BO,312,SRJ
Bolivia,Santa Cruz El Trompillo Airport,Santa Cruz de la Sierra ,,,
Travel guide info for Santa Cruz De La Sierra,BO,312,SRZ,,
Bolivia,Trinidad Airport,Trinidad,BO,312,TDD
Bolivia,Tarija Airport,Tarija,BO,312,TJA
Bosnia and Herzegovina,,,,,
Bosnia and Herzegovina,Banja Luka,Banja Luka,BA,410,BNX
Bosnia and Herzegovina,Mostar Intl Airport,Mostar,BA,410,OMO
Bosnia and Herzegovina,Sarajevo Airport,Sarajevo ,,,
Travel guide info for Sarajevo,BA,410,SJJ,,
Botswana,,,,,
Botswana,Kasane,Kasane,BW,510,BBK
Botswana,Francistown,Francistown,BW,510,FRW
Botswana,Sir Seretse Khama,Gaborone,BW,510,GBE
Botswana,Maun Airport,Maun,BW,510,MUB
Brazil ,,,,,
Travel guide info for Brazil,,,,,
Brazil,Arapoti Airport,Paran,BR,316,AAG
Brazil,Arax Airport,Arax,BR,316,AAX
Brazil,Alta Floresta Airport,Alta Floresta,BR,316,AFL
Brazil,Santa Maria Airport,Aracaju,BR,316,AJU
Brazil,Aracatuba Airport,Aracatuba,BR,316,ARU
Brazil,Altamira Airport,Altamira,BR,316,ATM
Brazil,Araguaina Airport,Araguaina,BR,316,AUX
Brazil,Barcelos Airport,Barcelos,BR,316,BAZ
Brazil,Val De Cans,Belem,BR,316,BEL
Brazil,All Airports,Belo Horizonte,BR,316,BHZ
Brazil,Porto Seguro,Porto Seguro,BR,316,BPS
Brazil,Barreiras Airport,Barreiras,BR,316,BRA
Brazil,Brasilia Intl,Brasilia,BR,316,BSB
Brazil,Boa Vista,Boa Vista,BR,316,BVB
Brazil,Vilhena Airport,Vilhena,BR,316,BVH
Brazil,Cascavel Airport,Cascavel,BR,316,CAC
Brazil,Criciuma Airport,Criciuma,BR,316,CCM
Brazil,Cabo Frio Intl Airport,Cabo Frio,BR,316,CFB
Brazil,Cacador Airport,Cacador,BR,316,CFC
Brazil,M Rondon,Cuiaba,BR,316,CGB
Brazil,Congonhas,Sao Paulo ,,,
Travel guide info for Sao Paulo,BR,316,CGH,,
Brazil,Campo Grande Intl,Campo Grande,BR,316,CGR
Brazil,Coari Airport,Coari,BR,316,CIZ
Brazil,Carajas,Carajas,BR,316,CKS
Brazil,Corumba Intl Airport,Corumba,BR,316,CMG
Brazil,Tancredo Neves Intl,Belo Horizonte,BR,316,CNF
Brazil,Campinas Intl,Campinas,BR,316,CPQ
Brazil,Campina Grande Airport,Campina Grande,BR,316,CPV
Brazil,Afonso Pena,Curitiba ,,,
Travel guide info for Curitiba,BR,316,CWB,,
Brazil,Campo Dos Bugres,Caxias Do Sul,BR,316,CXJ
Brazil,Campo Intl,Cruzeiro Do Sul,BR,316,CZS
Brazil,Dourados Airport,Dourados,BR,316,DOU
Brazil,Erechim Airport,Erechim,BR,316,ERM
Brazil,Eirunepe Airport,Eirunepe,BR,316,ERN
Brazil,Fernando De Noron,Fernando De Noron,BR,316,FEN
Brazil,Hercilio Luz,Florianopolis ,,,
Travel guide info for Florianopolis,BR,316,FLN,,
Brazil,Pinto Martins,Fortaleza ,,,
Travel guide info for Fortaleza,BR,316,FOR,,
Brazil,Sepe Tiaraju Airport,Santo Angelo,BR,316,GEL
Brazil,Rio Janeiro Intl,Rio De Janeiro ,,,
Travel guide info for Rio De Janeiro,BR,316,GIG,,
Brazil,Guarulhos Intl,Sao Paulo ,,,
Travel guide info for Sao Paulo,BR,316,GRU,,
Brazil,Governador Valadares Airport,Governador Valadares,BR,316,GVR
Brazil,Santa Genoveva,Goiania ,,,
Travel guide info for Goiania,BR,316,GYN,,
Brazil,Cataratas,Iguassu Falls,BR,316,IGU
Brazil,Imperatriz,Imperatriz,BR,316,IMP
Brazil,Eduardo Gomes,Ilheus,BR,316,IOS
Brazil,Usiminas Airport,Ipatinga,BR,316,IPN
Brazil,Itacoiatiara Airport,Itacoiatiara,BR,316,ITA
Brazil,Itaituba Airport,Itaituba,BR,316,ITB
Brazil,Joacaba Airport,Joacaba,BR,316,JCB
Brazil,Francisco Alvares de Assis Airport,Juiz de Fora,BR,316,JDF
Brazil,Cariri Regional Airport,Juazeiro do Norte,BR,316,JDO
Brazil,Sao Joao Del Rei Airport,Sao Joao Del Rei,BR,316,JDR
Brazil,Cubatao,Joinville ,,,
Travel guide info for Joinville,BR,316,JOI,,
Brazil,Castro Pinto,Joao Pessoa,BR,316,JPA
Brazil,Ji-Paran Airport,Ji-Paran,BR,316,JPR
Brazil,Lages Airport,Lages,BR,316,LAJ
Brazil,Labrea Airport,Labrea,BR,316,LBR
Brazil,Londrina Airport,Londrina,BR,316,LDB
Brazil,Lencois Chapada Diamantina Airport,Lencois,BR,316,LEC
Brazil,Maraba,Maraba,BR,316,MAB
Brazil,Manaus,Manaus,BR,316,MAO
Brazil,Macapa Intl,Macapa,BR,316,MCP
Brazil,Palmares,Maceio,BR,316,MCZ
Brazil,Macae Airport,Macae,BR,316,MEA
Brazil,Maringa Regional Airport,Maringa,BR,316,MGF
Brazil,Dr Gastao Vidigal,Marilia,BR,316,MII
Brazil,Montes Claros,Montes Claros,BR,316,MOC
Brazil,Minacu Municipal Airport,Minacu,BR,316,MQH
Brazil,Mucuri Airport,Mucuri,BR,316,MVS
Brazil,Augusto Severo,Natal ,,,
Travel guide info for Natal,BR,316,NAT,,
Brazil,Niquelandia,Niquelandia,BR,316,NQL
Brazil,Navegantes,Navegantes,BR,316,NVT
Brazil,Cacoal,Cacoal,BR,316,OAL
Brazil,Ourilandia Airport,Ourilandia,BR,316,OIA
Brazil,Sinop Airport,Sinop,BR,316,OPS
Brazil,Pelotas Intl Airport,Pelotas,BR,316,PET
Brazil,Passo Fundo,Passo Fundo,BR,316,PFB
Brazil,Parintins,Parintins,BR,316,PIN
Brazil,Pampulha,Belo Horizonte ,,,
Travel guide info for Belo Horizonte,BR,316,PLU,,
Brazil,Palmas Airport,Palmas,BR,316,PMW
Brazil,Petrolina Intl,Petrolina,BR,316,PNZ
Brazil,Salgado Filho,Porto Alegre ,,,
Travel guide info for Porto Alegre,BR,51,POA,,
Brazil,Patos de Minas Airport,Patos de Minas,BR,316,POJ
Brazil,Adhemar de Barros Airport,Presidente Prudente,BR,316,PPB
Brazil,Belmonte,Porto Velho,BR,316,PVH
Brazil,Leite Lopes,Ribeirao Preto,BR,316,RAO
Brazil,Pres Medici,Rio Branco,BR,316,RBR
Brazil,Guararapes Intl,Recife ,,,
Travel guide info for Recife,BR,316,REC,,
Brazil,Santa Maria Airport,Santa Maria,BR,316,RIA
Brazil,Rio Grande,Rio Grande,BR,316,RIG
Brazil,All Airports,Rio de Janeiro,BR,316,RIO
Brazil,Rondonopolis Airport,Rondonopolis,BR,316,ROO
Brazil,Rio Verde,Rio Verde,BR,316,RVD
Brazil,Sao Paulo,Sao Paulo,BR,316,SAO
Brazil,Rio De Janeiro Santos Dumont Airport,Rio De Janeiro ,,,
Travel guide info for Rio De Janeiro,BR,316,SDU,,
Brazil,Sao Jose dos Campos Airport,Sao Jose dos Campos,BR,316,SJK
Brazil,Sao Gabriel Airport,Sao Gabriel,BR,316,SJL
Brazil,Sao Jose Do Rio Preto Airport,Sao Jose Do Rio Preto,BR,316,SJP
Brazil,Sao Luiz Airport,Sao Luiz,BR,316,SLZ
Brazil,Santa Rosa Airport,Santa Rosa Airport,BR,316,SRA
Brazil,Salvador Airport,Salvador,BR,316,SSA
Brazil,Santarem Airport,Santarem,BR,316,STM
Brazil,Tabatinga Airport,Tabatinga,BR,316,TBT
Brazil,Tefe Airport,Tef,BR,316,TFF
Brazil,Teresina Airport,Teresina,BR,316,THE
Brazil,Trombetas,Trombetas,BR,316,TMT
Brazil,Tucurui,Tucurui,BR,316,TUR
Brazil,Uberaba,Uberaba,BR,316,UBA
Brazil,Una Airport,Ilha Comandatuba/Una,BR,316,UNA
Brazil,Uruguaiana,Uruguaiana,BR,316,URG
Brazil,Varginha,Varginha,BR,316,VAG
Brazil,Sao Paulo Viracopos,Campinas,BR,316,VCP
British Virgin Islands,,,,,
British Virgin Islands,Beef Island,Beef Island,VG,282,EIS
British Virgin Islands,Virgin Gorda Airport,Virgin Gorda,VG,282,VIJ
Brunei,,,,,
Brunei,Brunei Intl,Bandar Seri Begawan,,,
Travel guide info for Bandar Seri Begawan,BN,704,BWN,,
Bulgaria ,,,,,
Travel guide info for Bulgaria,,,,,
Bulgaria,Bourgas,Bourgas,BG,411,BOJ
Bulgaria,Plovdiv Airport,Plovdiv,BG,411,PDV
Bulgaria,Sofia Airport,Sofia ,,,
Travel guide info for Sofia,BG,411,SOF,,
Bulgaria,Varna Airport,Varna ,,,
Travel guide info for Varna,BG,411,VAR,,
Burkina Faso,,,,,
Burkina Faso,Bobo Dioulasso Airport,Bobo Dioulasso,BF,593,BOY
Burkina Faso,Ouagadougou,Ouagadougou,BF,226,OUA
Burundi,,,,,
Burundi,Bujumbura Intl,Bujumbura,BI,503,BJM
